id,image_name,gender,lighting_score,image_path
01,image_0019.jpg,male,98.56499670708654,./faces/01/image_0019.jpg
01,image_0018.jpg,male,79.45939473234397,./faces/01/image_0018.jpg
01,image_0020.jpg,male,100.91404113376771,./faces/01/image_0020.jpg
01,image_0008.jpg,male,144.22214723093626,./faces/01/image_0008.jpg
01,image_0009.jpg,male,127.55736204954955,./faces/01/image_0009.jpg
01,image_0021.jpg,male,119.87089894023484,./faces/01/image_0021.jpg
01,image_0013.jpg,male,82.24811725788287,./faces/01/image_0013.jpg
01,image_0007.jpg,male,131.02179607062422,./faces/01/image_0007.jpg
01,image_0006.jpg,male,93.18121832770272,./faces/01/image_0006.jpg
01,image_0012.jpg,male,102.67146527107467,./faces/01/image_0012.jpg
01,image_0004.jpg,male,102.01476846545206,./faces/01/image_0004.jpg
01,image_0010.jpg,male,131.1214934242278,./faces/01/image_0010.jpg
01,image_0011.jpg,male,100.03858301661035,./faces/01/image_0011.jpg
01,image_0005.jpg,male,111.25619557894949,./faces/01/image_0005.jpg
01,image_0001.jpg,male,137.33700769687093,./faces/01/image_0001.jpg
01,image_0015.jpg,male,96.77386796673908,./faces/01/image_0015.jpg
01,image_0014.jpg,male,126.28635715793918,./faces/01/image_0014.jpg
01,image_0016.jpg,male,119.43656868363902,./faces/01/image_0016.jpg
01,image_0002.jpg,male,104.32176854588967,./faces/01/image_0002.jpg
01,image_0003.jpg,male,156.94471173182114,./faces/01/image_0003.jpg
01,image_0017.jpg,male,79.26373283160392,./faces/01/image_0017.jpg
02,image_0032.jpg,male,128.39660377453345,./faces/02/image_0032.jpg
02,image_0026.jpg,male,173.83831669280892,./faces/02/image_0026.jpg
02,image_0027.jpg,male,92.51046819699161,./faces/02/image_0027.jpg
02,image_0033.jpg,male,120.142041455518,./faces/02/image_0033.jpg
02,image_0025.jpg,male,103.59655274694337,./faces/02/image_0025.jpg
02,image_0031.jpg,male,128.74278449766734,./faces/02/image_0031.jpg
02,image_0030.jpg,male,121.78429908703345,./faces/02/image_0030.jpg
02,image_0024.jpg,male,115.04202549368563,./faces/02/image_0024.jpg
02,image_0034.jpg,male,114.87500691260459,./faces/02/image_0034.jpg
02,image_0035.jpg,male,133.34444880148004,./faces/02/image_0035.jpg
02,image_0037.jpg,male,94.24822346062578,./faces/02/image_0037.jpg
02,image_0023.jpg,male,85.80922719594592,./faces/02/image_0023.jpg
02,image_0022.jpg,male,151.8450244329151,./faces/02/image_0022.jpg
02,image_0036.jpg,male,95.77392892334295,./faces/02/image_0036.jpg
02,image_0040.jpg,male,122.4558070905727,./faces/02/image_0040.jpg
02,image_0041.jpg,male,112.27677628800679,./faces/02/image_0041.jpg
02,image_0038.jpg,male,99.81357710947553,./faces/02/image_0038.jpg
02,image_0039.jpg,male,107.54806585324161,./faces/02/image_0039.jpg
02,image_0029.jpg,male,136.80042556507402,./faces/02/image_0029.jpg
02,image_0028.jpg,male,107.4069858781773,./faces/02/image_0028.jpg
03,image_0045.jpg,male,110.04452157235363,./faces/03/image_0045.jpg
03,image_0044.jpg,male,118.9286895712677,./faces/03/image_0044.jpg
03,image_0046.jpg,male,146.75617358429858,./faces/03/image_0046.jpg
03,image_0043.jpg,male,117.63299976874198,./faces/03/image_0043.jpg
03,image_0042.jpg,male,138.05645524151382,./faces/03/image_0042.jpg
04,image_0051.jpg,male,142.56242081925677,./faces/04/image_0051.jpg
04,image_0050.jpg,male,129.50413373753216,./faces/04/image_0050.jpg
04,image_0052.jpg,male,112.93740448037323,./faces/04/image_0052.jpg
04,image_0053.jpg,male,154.6043910121059,./faces/04/image_0053.jpg
04,image_0047.jpg,male,128.5826640675274,./faces/04/image_0047.jpg
04,image_0057.jpg,male,166.87403160694168,./faces/04/image_0057.jpg
04,image_0056.jpg,male,118.70880024835105,./faces/04/image_0056.jpg
04,image_0054.jpg,male,162.94168966678725,./faces/04/image_0054.jpg
04,image_0068.jpg,male,131.28974684785234,./faces/04/image_0068.jpg
04,image_0055.jpg,male,159.03723882923106,./faces/04/image_0055.jpg
04,image_0058.jpg,male,112.1322978251689,./faces/04/image_0058.jpg
04,image_0064.jpg,male,156.07333582187093,./faces/04/image_0064.jpg
04,image_0065.jpg,male,123.09316682754181,./faces/04/image_0065.jpg
04,image_0059.jpg,male,136.54378820785072,./faces/04/image_0059.jpg
04,image_0067.jpg,male,103.26830206322393,./faces/04/image_0067.jpg
04,image_0066.jpg,male,159.6396170165701,./faces/04/image_0066.jpg
04,image_0062.jpg,male,162.5778711188867,./faces/04/image_0062.jpg
04,image_0063.jpg,male,150.89604196830757,./faces/04/image_0063.jpg
04,image_0061.jpg,male,168.2737887859958,./faces/04/image_0061.jpg
04,image_0049.jpg,male,129.5401339537082,./faces/04/image_0049.jpg
04,image_0048.jpg,male,150.14328698117757,./faces/04/image_0048.jpg
04,image_0060.jpg,male,117.83866420829314,./faces/04/image_0060.jpg
05,image_0079.jpg,female,129.09886469896233,./faces/05/image_0079.jpg
05,image_0086.jpg,female,128.94005137950452,./faces/05/image_0086.jpg
05,image_0087.jpg,female,104.50831209278475,./faces/05/image_0087.jpg
05,image_0078.jpg,female,93.97945573922135,./faces/05/image_0078.jpg
05,image_0085.jpg,female,155.65046917732465,./faces/05/image_0085.jpg
05,image_0084.jpg,female,145.0837857947233,./faces/05/image_0084.jpg
05,image_0080.jpg,female,136.03646021858916,./faces/05/image_0080.jpg
05,image_0081.jpg,female,80.05646089728124,./faces/05/image_0081.jpg
05,image_0083.jpg,female,80.60050927043115,./faces/05/image_0083.jpg
05,image_0082.jpg,female,117.14762872526542,./faces/05/image_0082.jpg
05,image_0069.jpg,female,100.52974493745978,./faces/05/image_0069.jpg
05,image_0070.jpg,female,137.8902624024694,./faces/05/image_0070.jpg
05,image_0071.jpg,female,130.1702203738337,./faces/05/image_0071.jpg
05,image_0073.jpg,female,116.16033157878863,./faces/05/image_0073.jpg
05,image_0072.jpg,female,94.88545939913128,./faces/05/image_0072.jpg
05,image_0076.jpg,female,133.8900097781934,./faces/05/image_0076.jpg
05,image_0089.jpg,female,129.6284537886101,./faces/05/image_0089.jpg
05,image_0088.jpg,female,59.890002237170215,./faces/05/image_0088.jpg
05,image_0077.jpg,female,105.05405028354247,./faces/05/image_0077.jpg
05,image_0075.jpg,female,133.60373054416027,./faces/05/image_0075.jpg
05,image_0074.jpg,female,82.58385492076899,./faces/05/image_0074.jpg
06,image_0092.jpg,male,113.18450118645434,./faces/06/image_0092.jpg
06,image_0093.jpg,male,136.47956257038285,./faces/06/image_0093.jpg
06,image_0091.jpg,male,134.97521642736487,./faces/06/image_0091.jpg
06,image_0090.jpg,male,129.4415212506033,./faces/06/image_0090.jpg
06,image_0094.jpg,male,134.90745027952056,./faces/06/image_0094.jpg
06,image_0095.jpg,male,126.0821437369289,./faces/06/image_0095.jpg
06,image_0108.jpg,male,96.43761562902188,./faces/06/image_0108.jpg
06,image_0097.jpg,male,115.67192904399936,./faces/06/image_0097.jpg
06,image_0096.jpg,male,159.07521542189505,./faces/06/image_0096.jpg
06,image_0109.jpg,male,103.77464657738095,./faces/06/image_0109.jpg
06,image_0104.jpg,male,120.33170824284105,./faces/06/image_0104.jpg
06,image_0110.jpg,male,136.93822016771242,./faces/06/image_0110.jpg
06,image_0111.jpg,male,124.57731748210263,./faces/06/image_0111.jpg
06,image_0105.jpg,male,190.44897618042143,./faces/06/image_0105.jpg
06,image_0107.jpg,male,115.25980081644141,./faces/06/image_0107.jpg
06,image_0098.jpg,male,109.22212083735522,./faces/06/image_0098.jpg
06,image_0099.jpg,male,169.38431379202868,./faces/06/image_0099.jpg
06,image_0106.jpg,male,143.9694569709218,./faces/06/image_0106.jpg
06,image_0112.jpg,male,115.29186713219916,./faces/06/image_0112.jpg
06,image_0102.jpg,male,142.13254667893338,./faces/06/image_0102.jpg
06,image_0103.jpg,male,129.96642045226034,./faces/06/image_0103.jpg
06,image_0101.jpg,male,205.3580634903877,./faces/06/image_0101.jpg
06,image_0100.jpg,male,103.85983500241315,./faces/06/image_0100.jpg
07,image_0119.jpg,female,60.00067806366635,./faces/07/image_0119.jpg
07,image_0125.jpg,female,46.89240845197878,./faces/07/image_0125.jpg
07,image_0131.jpg,female,82.27081762286839,./faces/07/image_0131.jpg
07,image_0130.jpg,female,69.08713086691601,./faces/07/image_0130.jpg
07,image_0124.jpg,female,44.300646140001604,./faces/07/image_0124.jpg
07,image_0118.jpg,female,62.699219378418604,./faces/07/image_0118.jpg
07,image_0132.jpg,female,71.42893151242761,./faces/07/image_0132.jpg
07,image_0126.jpg,female,76.48661217020592,./faces/07/image_0126.jpg
07,image_0127.jpg,female,141.45686471907172,./faces/07/image_0127.jpg
07,image_0123.jpg,female,101.66241164434523,./faces/07/image_0123.jpg
07,image_0122.jpg,female,79.7633155616554,./faces/07/image_0122.jpg
07,image_0120.jpg,female,102.53423058940635,./faces/07/image_0120.jpg
07,image_0121.jpg,female,57.89933865226835,./faces/07/image_0121.jpg
07,image_0113.jpg,female,52.73730971484877,./faces/07/image_0113.jpg
07,image_0116.jpg,female,59.022017273970384,./faces/07/image_0116.jpg
07,image_0117.jpg,female,124.47634003981663,./faces/07/image_0117.jpg
07,image_0115.jpg,female,111.3200680451657,./faces/07/image_0115.jpg
07,image_0129.jpg,female,108.12884969232626,./faces/07/image_0129.jpg
07,image_0128.jpg,female,124.38737481901543,./faces/07/image_0128.jpg
07,image_0114.jpg,female,121.70823907054375,./faces/07/image_0114.jpg
08,image_0133.jpg,male,114.4382333645029,./faces/08/image_0133.jpg
08,image_0137.jpg,male,168.53897075088486,./faces/08/image_0137.jpg
08,image_0136.jpg,male,143.53516818995337,./faces/08/image_0136.jpg
08,image_0134.jpg,male,112.00169861546816,./faces/08/image_0134.jpg
08,image_0135.jpg,male,107.20648892475064,./faces/08/image_0135.jpg
09,image_0146.jpg,male,105.00997803048587,./faces/09/image_0146.jpg
09,image_0152.jpg,male,134.34437716175998,./faces/09/image_0152.jpg
09,image_0153.jpg,male,87.02540947755789,./faces/09/image_0153.jpg
09,image_0147.jpg,male,168.5311733329311,./faces/09/image_0147.jpg
09,image_0151.jpg,male,147.5887157386181,./faces/09/image_0151.jpg
09,image_0145.jpg,male,89.86491890886421,./faces/09/image_0145.jpg
09,image_0144.jpg,male,123.29789492338325,./faces/09/image_0144.jpg
09,image_0150.jpg,male,97.8452575762146,./faces/09/image_0150.jpg
09,image_0154.jpg,male,128.17389536578992,./faces/09/image_0154.jpg
09,image_0140.jpg,male,131.99048071509011,./faces/09/image_0140.jpg
09,image_0141.jpg,male,109.2655539886985,./faces/09/image_0141.jpg
09,image_0155.jpg,male,98.91528100365989,./faces/09/image_0155.jpg
09,image_0143.jpg,male,130.71869155707043,./faces/09/image_0143.jpg
09,image_0157.jpg,male,113.56045701114061,./faces/09/image_0157.jpg
09,image_0156.jpg,male,138.97792239784422,./faces/09/image_0156.jpg
09,image_0142.jpg,male,165.20630856861328,./faces/09/image_0142.jpg
09,image_0138.jpg,male,140.32423697413927,./faces/09/image_0138.jpg
09,image_0139.jpg,male,141.1552948037323,./faces/09/image_0139.jpg
09,image_0158.jpg,male,132.9548776594675,./faces/09/image_0158.jpg
09,image_0149.jpg,male,108.16436099883364,./faces/09/image_0149.jpg
09,image_0148.jpg,male,145.80028291405247,./faces/09/image_0148.jpg
10,image_0164.jpg,male,116.13552098415383,./faces/10/image_0164.jpg
10,image_0165.jpg,male,136.92244937459782,./faces/10/image_0165.jpg
10,image_0159.jpg,male,140.1554374547539,./faces/10/image_0159.jpg
10,image_0161.jpg,male,135.33041181527506,./faces/10/image_0161.jpg
10,image_0160.jpg,male,141.07124821529126,./faces/10/image_0160.jpg
10,image_0162.jpg,male,145.35335600667628,./faces/10/image_0162.jpg
10,image_0163.jpg,male,135.98026639921173,./faces/10/image_0163.jpg
11,image_0168.jpg,female,120.82940948761261,./faces/11/image_0168.jpg
11,image_0169.jpg,female,145.74681454613093,./faces/11/image_0169.jpg
11,image_0167.jpg,female,157.46102799227802,./faces/11/image_0167.jpg
11,image_0166.jpg,female,144.17764953848945,./faces/11/image_0166.jpg
11,image_0170.jpg,female,110.20552367378542,./faces/11/image_0170.jpg
12,image_0173.jpg,female,112.91010220600063,./faces/12/image_0173.jpg
12,image_0172.jpg,female,153.76536106418922,./faces/12/image_0172.jpg
12,image_0171.jpg,female,115.75099730031373,./faces/12/image_0171.jpg
12,image_0175.jpg,female,122.09238318955113,./faces/12/image_0175.jpg
12,image_0174.jpg,female,127.2701772643179,./faces/12/image_0174.jpg
13,image_0185.jpg,female,70.61295384391087,./faces/13/image_0185.jpg
13,image_0191.jpg,female,64.69575867720398,./faces/13/image_0191.jpg
13,image_0190.jpg,female,173.1832330377252,./faces/13/image_0190.jpg
13,image_0184.jpg,female,105.76467923001125,./faces/13/image_0184.jpg
13,image_0179.jpg,female,94.81591294140124,./faces/13/image_0179.jpg
13,image_0192.jpg,female,55.456439279681454,./faces/13/image_0192.jpg
13,image_0186.jpg,female,100.8185956603925,./faces/13/image_0186.jpg
13,image_0187.jpg,female,123.608576279963,./faces/13/image_0187.jpg
13,image_0193.jpg,female,97.55927746943368,./faces/13/image_0193.jpg
13,image_0178.jpg,female,112.11078705658781,./faces/13/image_0178.jpg
13,image_0183.jpg,female,115.85764999095079,./faces/13/image_0183.jpg
13,image_0182.jpg,female,147.17490774814993,./faces/13/image_0182.jpg
13,image_0180.jpg,female,92.46782119731338,./faces/13/image_0180.jpg
13,image_0194.jpg,female,89.4701450892857,./faces/13/image_0194.jpg
13,image_0195.jpg,female,95.45320355232465,./faces/13/image_0195.jpg
13,image_0181.jpg,female,85.56868740950772,./faces/13/image_0181.jpg
13,image_0176.jpg,female,91.1687913499437,./faces/13/image_0176.jpg
13,image_0189.jpg,female,103.26770443713801,./faces/13/image_0189.jpg
13,image_0188.jpg,female,121.71638840291186,./faces/13/image_0188.jpg
13,image_0177.jpg,female,77.57075302143659,./faces/13/image_0177.jpg
14,image_0197.jpg,male,125.95650023628535,./faces/14/image_0197.jpg
14,image_0196.jpg,male,149.1900859425274,./faces/14/image_0196.jpg
14,image_0209.jpg,male,126.83893819880146,./faces/14/image_0209.jpg
14,image_0208.jpg,male,140.14401531833175,./faces/14/image_0208.jpg
14,image_0198.jpg,male,109.7014615759733,./faces/14/image_0198.jpg
14,image_0211.jpg,male,137.59283816461544,./faces/14/image_0211.jpg
14,image_0205.jpg,male,127.73675859173908,./faces/14/image_0205.jpg
14,image_0204.jpg,male,200.581597641168,./faces/14/image_0204.jpg
14,image_0210.jpg,male,133.3749635517214,./faces/14/image_0210.jpg
14,image_0199.jpg,male,119.60005178169241,./faces/14/image_0199.jpg
14,image_0206.jpg,male,130.99067238276223,./faces/14/image_0206.jpg
14,image_0212.jpg,male,145.2711594825853,./faces/14/image_0212.jpg
14,image_0213.jpg,male,141.84236999276067,./faces/14/image_0213.jpg
14,image_0207.jpg,male,116.36062052565957,./faces/14/image_0207.jpg
14,image_0203.jpg,male,108.16308970801158,./faces/14/image_0203.jpg
14,image_0216.jpg,male,104.23130077622264,./faces/14/image_0216.jpg
14,image_0202.jpg,male,123.41479020873552,./faces/14/image_0202.jpg
14,image_0214.jpg,male,140.23377548865827,./faces/14/image_0214.jpg
14,image_0200.jpg,male,148.61641957247423,./faces/14/image_0200.jpg
14,image_0201.jpg,male,145.69516859214124,./faces/14/image_0201.jpg
14,image_0215.jpg,male,118.5661599099099,./faces/14/image_0215.jpg
15,image_0218.jpg,male,141.66358427344755,./faces/15/image_0218.jpg
15,image_0230.jpg,male,171.29631256535555,./faces/15/image_0230.jpg
15,image_0224.jpg,male,124.44998353543276,./faces/15/image_0224.jpg
15,image_0225.jpg,male,149.66712604066126,./faces/15/image_0225.jpg
15,image_0231.jpg,male,127.18153693593143,./faces/15/image_0231.jpg
15,image_0219.jpg,male,130.50017155827706,./faces/15/image_0219.jpg
15,image_0227.jpg,male,82.01973737129987,./faces/15/image_0227.jpg
15,image_0233.jpg,male,192.01160500623385,./faces/15/image_0233.jpg
15,image_0232.jpg,male,118.26824613396879,./faces/15/image_0232.jpg
15,image_0226.jpg,male,165.9766743585103,./faces/15/image_0226.jpg
15,image_0222.jpg,male,112.02373097148485,./faces/15/image_0222.jpg
15,image_0236.jpg,male,142.9387863728684,./faces/15/image_0236.jpg
15,image_0237.jpg,male,93.18970574927609,./faces/15/image_0237.jpg
15,image_0223.jpg,male,128.44936517153317,./faces/15/image_0223.jpg
15,image_0235.jpg,male,131.8223636583011,./faces/15/image_0235.jpg
15,image_0221.jpg,male,94.01598508385617,./faces/15/image_0221.jpg
15,image_0220.jpg,male,104.19078662926316,./faces/15/image_0220.jpg
15,image_0234.jpg,male,132.8450030666827,./faces/15/image_0234.jpg
15,image_0241.jpg,male,132.0640245435167,./faces/15/image_0241.jpg
15,image_0240.jpg,male,101.6913088451174,./faces/15/image_0240.jpg
15,image_0239.jpg,male,144.3225301892294,./faces/15/image_0239.jpg
15,image_0238.jpg,male,68.58740171533141,./faces/15/image_0238.jpg
15,image_0217.jpg,male,198.61145632239382,./faces/15/image_0217.jpg
15,image_0228.jpg,male,111.14679230011262,./faces/15/image_0228.jpg
15,image_0229.jpg,male,145.97618042149287,./faces/15/image_0229.jpg
16,image_0253.jpg,male,112.86382420366799,./faces/16/image_0253.jpg
16,image_0247.jpg,male,132.55559430803572,./faces/16/image_0247.jpg
16,image_0246.jpg,male,93.82176100486647,./faces/16/image_0246.jpg
16,image_0252.jpg,male,161.96958705357133,./faces/16/image_0252.jpg
16,image_0244.jpg,male,135.73779296875003,./faces/16/image_0244.jpg
16,image_0250.jpg,male,171.2618262095801,./faces/16/image_0250.jpg
16,image_0251.jpg,male,162.2379877785151,./faces/16/image_0251.jpg
16,image_0245.jpg,male,176.1270266499759,./faces/16/image_0245.jpg
16,image_0255.jpg,male,135.93011985199487,./faces/16/image_0255.jpg
16,image_0254.jpg,male,106.2247696217423,./faces/16/image_0254.jpg
16,image_0256.jpg,male,92.19268068291508,./faces/16/image_0256.jpg
16,image_0242.jpg,male,100.87362313485357,./faces/16/image_0242.jpg
16,image_0243.jpg,male,138.17524395209944,./faces/16/image_0243.jpg
16,image_0257.jpg,male,144.5188003991715,./faces/16/image_0257.jpg
16,image_0259.jpg,male,97.63895654862453,./faces/16/image_0259.jpg
16,image_0258.jpg,male,113.05415208735519,./faces/16/image_0258.jpg
16,image_0260.jpg,male,119.20326073841696,./faces/16/image_0260.jpg
16,image_0248.jpg,male,109.43364150981337,./faces/16/image_0248.jpg
16,image_0249.jpg,male,131.09385745958014,./faces/16/image_0249.jpg
16,image_0261.jpg,male,83.30682286639319,./faces/16/image_0261.jpg
16,image_0263.jpg,male,137.52074284105532,./faces/16/image_0263.jpg
16,image_0262.jpg,male,142.2591390916586,./faces/16/image_0262.jpg
17,image_0268.jpg,male,126.64775315214766,./faces/17/image_0268.jpg
17,image_0266.jpg,male,116.8074569407577,./faces/17/image_0266.jpg
17,image_0267.jpg,male,94.75563502956085,./faces/17/image_0267.jpg
17,image_0265.jpg,male,117.1719384702783,./faces/17/image_0265.jpg
17,image_0264.jpg,male,115.66590250965253,./faces/17/image_0264.jpg
18,image_0284.jpg,female,136.58083662624676,./faces/18/image_0284.jpg
18,image_0285.jpg,female,116.50376485581565,./faces/18/image_0285.jpg
18,image_0278.jpg,female,137.09824193613252,./faces/18/image_0278.jpg
18,image_0287.jpg,female,106.6499683277027,./faces/18/image_0287.jpg
18,image_0286.jpg,female,134.4857908270994,./faces/18/image_0286.jpg
18,image_0279.jpg,female,148.78046950410234,./faces/18/image_0279.jpg
18,image_0269.jpg,female,92.69068608228763,./faces/18/image_0269.jpg
18,image_0282.jpg,female,132.8505821669884,./faces/18/image_0282.jpg
18,image_0283.jpg,female,128.2304530395351,./faces/18/image_0283.jpg
18,image_0281.jpg,female,153.88146328527188,./faces/18/image_0281.jpg
18,image_0280.jpg,female,136.20898688867436,./faces/18/image_0280.jpg
18,image_0272.jpg,female,128.21799275559044,./faces/18/image_0272.jpg
18,image_0273.jpg,female,116.49901024070945,./faces/18/image_0273.jpg
18,image_0271.jpg,female,117.45755535111003,./faces/18/image_0271.jpg
18,image_0270.jpg,female,123.83919396517054,./faces/18/image_0270.jpg
18,image_0274.jpg,female,138.63782790882402,./faces/18/image_0274.jpg
18,image_0275.jpg,female,110.25937097812098,./faces/18/image_0275.jpg
18,image_0277.jpg,female,87.9562765192648,./faces/18/image_0277.jpg
18,image_0276.jpg,female,127.25889400840573,./faces/18/image_0276.jpg
19,image_0290.jpg,male,114.15225388614061,./faces/19/image_0290.jpg
19,image_0291.jpg,male,86.55767374517372,./faces/19/image_0291.jpg
19,image_0293.jpg,male,122.96331292229726,./faces/19/image_0293.jpg
19,image_0292.jpg,male,144.25578773527994,./faces/19/image_0292.jpg
19,image_0296.jpg,male,118.54850951677123,./faces/19/image_0296.jpg
19,image_0297.jpg,male,94.19110398065476,./faces/19/image_0297.jpg
19,image_0295.jpg,male,106.61019320101349,./faces/19/image_0295.jpg
19,image_0294.jpg,male,85.54605428531207,./faces/19/image_0294.jpg
19,image_0306.jpg,male,112.21122468729887,./faces/19/image_0306.jpg
19,image_0299.jpg,male,101.5119330407416,./faces/19/image_0299.jpg
19,image_0298.jpg,male,112.3700933075933,./faces/19/image_0298.jpg
19,image_0307.jpg,male,109.32204756374675,./faces/19/image_0307.jpg
19,image_0305.jpg,male,130.22639785432753,./faces/19/image_0305.jpg
19,image_0304.jpg,male,98.04707797920689,./faces/19/image_0304.jpg
19,image_0300.jpg,male,113.01315468649452,./faces/19/image_0300.jpg
19,image_0301.jpg,male,112.6235621782497,./faces/19/image_0301.jpg
19,image_0303.jpg,male,100.04052420165705,./faces/19/image_0303.jpg
19,image_0288.jpg,male,98.02340984958172,./faces/19/image_0288.jpg
19,image_0289.jpg,male,111.28266017133204,./faces/19/image_0289.jpg
19,image_0302.jpg,male,111.72792553993725,./faces/19/image_0302.jpg
20,image_0327.jpg,male,119.49615407818527,./faces/20/image_0327.jpg
20,image_0333.jpg,male,106.61256233912489,./faces/20/image_0333.jpg
20,image_0332.jpg,male,111.92543813344597,./faces/20/image_0332.jpg
20,image_0326.jpg,male,179.32201865649137,./faces/20/image_0326.jpg
20,image_0318.jpg,male,127.06570053591533,./faces/20/image_0318.jpg
20,image_0330.jpg,male,115.3153335394546,./faces/20/image_0330.jpg
20,image_0324.jpg,male,172.15271828748396,./faces/20/image_0324.jpg
20,image_0325.jpg,male,123.0213945111406,./faces/20/image_0325.jpg
20,image_0331.jpg,male,115.41852175836549,./faces/20/image_0331.jpg
20,image_0319.jpg,male,167.24901652489547,./faces/20/image_0319.jpg
20,image_0335.jpg,male,107.16337061112453,./faces/20/image_0335.jpg
20,image_0321.jpg,male,168.77380763855382,./faces/20/image_0321.jpg
20,image_0309.jpg,male,172.96585110501127,./faces/20/image_0309.jpg
20,image_0308.jpg,male,139.7289548895994,./faces/20/image_0308.jpg
20,image_0320.jpg,male,112.59254846364222,./faces/20/image_0320.jpg
20,image_0334.jpg,male,97.55375115629023,./faces/20/image_0334.jpg
20,image_0322.jpg,male,102.46434415721524,./faces/20/image_0322.jpg
20,image_0336.jpg,male,101.68665163489379,./faces/20/image_0336.jpg
20,image_0323.jpg,male,116.32231149955761,./faces/20/image_0323.jpg
20,image_0312.jpg,male,111.12818922438062,./faces/20/image_0312.jpg
20,image_0313.jpg,male,156.84702468930988,./faces/20/image_0313.jpg
20,image_0311.jpg,male,158.85358977839442,./faces/20/image_0311.jpg
20,image_0310.jpg,male,136.98215165500324,./faces/20/image_0310.jpg
20,image_0314.jpg,male,110.6808576154279,./faces/20/image_0314.jpg
20,image_0328.jpg,male,95.46621558779762,./faces/20/image_0328.jpg
20,image_0329.jpg,male,98.38823009672619,./faces/20/image_0329.jpg
20,image_0315.jpg,male,126.40140803470882,./faces/20/image_0315.jpg
20,image_0317.jpg,male,118.30204814189189,./faces/20/image_0317.jpg
20,image_0316.jpg,male,121.72003260235682,./faces/20/image_0316.jpg
21,image_0344.jpg,female,121.75848867841057,./faces/21/image_0344.jpg
21,image_0350.jpg,female,90.72573550112611,./faces/21/image_0350.jpg
21,image_0351.jpg,female,87.53319055662801,./faces/21/image_0351.jpg
21,image_0345.jpg,female,93.06353814752251,./faces/21/image_0345.jpg
21,image_0353.jpg,female,152.6871179214929,./faces/21/image_0353.jpg
21,image_0347.jpg,female,82.78775727457372,./faces/21/image_0347.jpg
21,image_0346.jpg,female,103.75631246480853,./faces/21/image_0346.jpg
21,image_0352.jpg,female,100.36718435790699,./faces/21/image_0352.jpg
21,image_0356.jpg,female,125.48569719272841,./faces/21/image_0356.jpg
21,image_0342.jpg,female,98.64653402006921,./faces/21/image_0342.jpg
21,image_0343.jpg,female,81.99475458996942,./faces/21/image_0343.jpg
21,image_0341.jpg,female,105.68923443532817,./faces/21/image_0341.jpg
21,image_0355.jpg,female,121.57156556668276,./faces/21/image_0355.jpg
21,image_0354.jpg,female,90.32373046875003,./faces/21/image_0354.jpg
21,image_0340.jpg,female,97.97807007621459,./faces/21/image_0340.jpg
21,image_0337.jpg,female,155.7674826053732,./faces/21/image_0337.jpg
21,image_0339.jpg,female,83.57845617660072,./faces/21/image_0339.jpg
21,image_0338.jpg,female,143.31670977618242,./faces/21/image_0338.jpg
21,image_0348.jpg,female,91.46440574223773,./faces/21/image_0348.jpg
21,image_0349.jpg,female,103.28771894103924,./faces/21/image_0349.jpg
22,image_0357.jpg,female,117.98286993745981,./faces/22/image_0357.jpg
22,image_0369.jpg,female,103.13601932010137,./faces/22/image_0369.jpg
22,image_0368.jpg,female,70.73649842643984,./faces/22/image_0368.jpg
22,image_0359.jpg,female,120.61335477497589,./faces/22/image_0359.jpg
22,image_0365.jpg,female,69.80584379021879,./faces/22/image_0365.jpg
22,image_0371.jpg,female,124.5976097470238,./faces/22/image_0371.jpg
22,image_0370.jpg,female,110.80345768480531,./faces/22/image_0370.jpg
22,image_0364.jpg,female,133.15354277268347,./faces/22/image_0364.jpg
22,image_0358.jpg,female,138.64956111245172,./faces/22/image_0358.jpg
22,image_0372.jpg,female,71.7299597309363,./faces/22/image_0372.jpg
22,image_0366.jpg,female,111.44638395370814,./faces/22/image_0366.jpg
22,image_0367.jpg,female,99.71997101733427,./faces/22/image_0367.jpg
22,image_0373.jpg,female,109.71429953949483,./faces/22/image_0373.jpg
22,image_0363.jpg,female,72.48059066320785,./faces/22/image_0363.jpg
22,image_0362.jpg,female,69.73224277569979,./faces/22/image_0362.jpg
22,image_0376.jpg,female,125.04663557251443,./faces/22/image_0376.jpg
22,image_0360.jpg,female,105.61595642796813,./faces/22/image_0360.jpg
22,image_0374.jpg,female,73.16783426842021,./faces/22/image_0374.jpg
22,image_0375.jpg,female,142.0040941471606,./faces/22/image_0375.jpg
22,image_0361.jpg,female,132.24767485119042,./faces/22/image_0361.jpg
23,image_0378.jpg,male,107.95750570604088,./faces/23/image_0378.jpg
23,image_0387.jpg,male,109.11688208856174,./faces/23/image_0387.jpg
23,image_0393.jpg,male,96.44143892776704,./faces/23/image_0393.jpg
23,image_0392.jpg,male,100.09806535050679,./faces/23/image_0392.jpg
23,image_0386.jpg,male,84.91331531028794,./faces/23/image_0386.jpg
23,image_0379.jpg,male,137.47767605775422,./faces/23/image_0379.jpg
23,image_0390.jpg,male,110.28976130148007,./faces/23/image_0390.jpg
23,image_0384.jpg,male,108.67829178229567,./faces/23/image_0384.jpg
23,image_0385.jpg,male,93.21192725929053,./faces/23/image_0385.jpg
23,image_0391.jpg,male,106.2234926751528,./faces/23/image_0391.jpg
23,image_0395.jpg,male,125.71137173725067,./faces/23/image_0395.jpg
23,image_0381.jpg,male,136.38238266167951,./faces/23/image_0381.jpg
23,image_0380.jpg,male,91.26550371521074,./faces/23/image_0380.jpg
23,image_0394.jpg,male,111.62016369047618,./faces/23/image_0394.jpg
23,image_0382.jpg,male,113.25180481821104,./faces/23/image_0382.jpg
23,image_0396.jpg,male,127.82969227598136,./faces/23/image_0396.jpg
23,image_0397.jpg,male,91.26057314289737,./faces/23/image_0397.jpg
23,image_0383.jpg,male,111.65450928048583,./faces/23/image_0383.jpg
23,image_0398.jpg,male,100.35168944055663,./faces/23/image_0398.jpg
23,image_0377.jpg,male,163.59818789213324,./faces/23/image_0377.jpg
23,image_0388.jpg,male,87.5379068381998,./faces/23/image_0388.jpg
23,image_0389.jpg,male,102.47708597269146,./faces/23/image_0389.jpg
24,image_0408.jpg,male,205.6733945161679,./faces/24/image_0408.jpg
24,image_0405.jpg,male,119.8314317386583,./faces/24/image_0405.jpg
24,image_0404.jpg,male,149.9487530918195,./faces/24/image_0404.jpg
24,image_0406.jpg,male,117.71125233771718,./faces/24/image_0406.jpg
24,image_0407.jpg,male,105.38097186192888,./faces/24/image_0407.jpg
25,image_0422.jpg,female,105.63595459298583,./faces/25/image_0422.jpg
25,image_0423.jpg,female,120.70604463280245,./faces/25/image_0423.jpg
25,image_0409.jpg,female,108.53428714708012,./faces/25/image_0409.jpg
25,image_0421.jpg,female,96.92597480292795,./faces/25/image_0421.jpg
25,image_0420.jpg,female,183.71952986747914,./faces/25/image_0420.jpg
25,image_0424.jpg,female,109.19387027931947,./faces/25/image_0424.jpg
25,image_0418.jpg,female,113.18809762608592,./faces/25/image_0418.jpg
25,image_0419.jpg,female,135.25383838079148,./faces/25/image_0419.jpg
25,image_0425.jpg,female,116.4695763704553,./faces/25/image_0425.jpg
25,image_0427.jpg,female,125.07158127714769,./faces/25/image_0427.jpg
25,image_0426.jpg,female,71.08810240206725,./faces/25/image_0426.jpg
25,image_0417.jpg,female,138.87226009491636,./faces/25/image_0417.jpg
25,image_0416.jpg,female,94.26242634934042,./faces/25/image_0416.jpg
25,image_0428.jpg,female,126.21609493142698,./faces/25/image_0428.jpg
25,image_0414.jpg,female,136.99293154761904,./faces/25/image_0414.jpg
25,image_0415.jpg,female,99.99739017756595,./faces/25/image_0415.jpg
25,image_0411.jpg,female,125.49274050836554,./faces/25/image_0411.jpg
25,image_0410.jpg,female,132.0498342231741,./faces/25/image_0410.jpg
25,image_0412.jpg,female,151.45659449907498,./faces/25/image_0412.jpg
25,image_0413.jpg,female,155.52459001970718,./faces/25/image_0413.jpg
26,image_0436.jpg,female,139.30513933297135,./faces/26/image_0436.jpg
26,image_0437.jpg,female,109.19309166867758,./faces/26/image_0437.jpg
26,image_0435.jpg,female,145.3415103161197,./faces/26/image_0435.jpg
26,image_0434.jpg,female,145.70097329472324,./faces/26/image_0434.jpg
26,image_0430.jpg,female,153.92324118203032,./faces/26/image_0430.jpg
26,image_0431.jpg,female,152.48931814068533,./faces/26/image_0431.jpg
26,image_0433.jpg,female,113.7966915017696,./faces/26/image_0433.jpg
26,image_0432.jpg,female,116.46061323600388,./faces/26/image_0432.jpg
26,image_0441.jpg,female,91.54398930180179,./faces/26/image_0441.jpg
26,image_0440.jpg,female,140.97746679436136,./faces/26/image_0440.jpg
26,image_0442.jpg,female,115.38656541586231,./faces/26/image_0442.jpg
26,image_0443.jpg,female,131.02631754243086,./faces/26/image_0443.jpg
26,image_0447.jpg,female,166.15842872727637,./faces/26/image_0447.jpg
26,image_0446.jpg,female,124.65119311554857,./faces/26/image_0446.jpg
26,image_0444.jpg,female,106.18114040379666,./faces/26/image_0444.jpg
26,image_0450.jpg,female,125.47220504544723,./faces/26/image_0450.jpg
26,image_0445.jpg,female,128.89529792068856,./faces/26/image_0445.jpg
26,image_0448.jpg,female,112.24261231097171,./faces/26/image_0448.jpg
26,image_0449.jpg,female,134.44115802465407,./faces/26/image_0449.jpg
26,image_0429.jpg,female,89.31796661337677,./faces/26/image_0429.jpg
26,image_0439.jpg,female,92.87730064048421,./faces/26/image_0439.jpg
26,image_0438.jpg,female,132.13950264438546,./faces/26/image_0438.jpg
